soc2010,role,oews_code,combined,sf_emp,sf_p25,sf_p50,sf_annual_transfer_rate,clears_lw,switch_obs,share_priced,share_stay_health,share_to_lw_any,share_to_lw_health,share_to_lw_clinical,share_to_lw_nonclinical_health,share_to_manager,share_to_higher_pay,top_destination,top_share,pattern
31-9092,Medical assistant,31-9092,False,5130.0,24.43,29.24,0.08826815642458101,False,180409.6,0.948316389671823,0.3424476163822874,0.5031707982302668,0.2073609115255306,0.1117670825236485,0.09559382900188211,0.04055197909474373,0.4523865992828267,Nursing assistants,0.04844750836491585,Plateau
31-9091,Dental assistant,31-9091,False,2620.0,29.79,31.86,0.08495934959349594,False,37015.05,0.9078638442031263,0.2349266562896446,0.4787667814145834,0.17955503310552628,0.10161719946084374,0.07793783364468254,0.03425723314285278,0.41532686525521706,"Secretaries and administrative assistants, except legal, medical, and executive",0.05655724182724953,Plateau
43-6013,Medical secretary / admin,43-6013,False,5890.0,27.64,33.47,0.05416666666666667,True,176064.69,0.9412258527765742,0.20066888797100546,0.49673092495311577,0.12649310447900813,0.0713872338618575,0.055105870617150624,0.030282936990261078,0.4246154535503348,"Secretaries and administrative assistants, except legal, medical, and executive",0.08980938792228699,Plateau
31-1014,Nursing assistant,31-1131,False,3930.0,24.63,28.75,0.08115577889447236,False,378843.84,0.9236255146824524,0.3168931267126709,0.5183268461129746,0.2129251750746958,0.1541348682126641,0.05879030686203175,0.03142295405268669,0.5149026918385762,Registered nurses,0.07068458944559097,Partial rung
31-1011,Home health aide,31-1120,False,50180.0,17.72,17.72,0.07957957957957958,False,147687.1,0.9338188069038064,0.26119874971482204,0.4173840245156187,0.12153740902482614,0.08444941770470998,0.037087991320116157,0.02124432846903801,0.8746679361744522,Nursing assistants,0.07985485345125198,Plateau
39-9021,Personal care aide,31-1120,False,50180.0,17.72,17.72,0.07957957957957958,False,184309.39,0.8983153375008089,0.15304926268208874,0.460943640382353,0.08406167854999672,0.057050371630973526,0.02701130691902318,0.017586201429367065,0.8447911045074409,Customer service representatives,0.03605584427714348,Plateau
31-9097,Phlebotomist,31-9097,False,480.0,25.76,29.49,0.0824561403508772,False,37997.848,0.9539410679885744,0.47826896432343347,0.4996924973361337,0.2546214244488604,0.19051536181214965,0.0641060626367107,0.03579138591885567,0.47401796246550193,Medical assistants,0.12073689699172974,Partial rung
29-2052,Pharmacy technician,29-2052,False,1530.0,25.58,30.88,0.05792349726775956,False,116800.97,0.9385432252687794,0.18368504842692346,0.5295835030072875,0.131392095642952,0.09128993614172848,0.04010215950122353,0.015398609451949596,0.4845755518128164,Customer service representatives,0.056645166128873825,Plateau
29-2041,EMT / paramedic,29-2042+29-2043,True,780.0,28.58653846153846,30.59371794871795,0.04411764705882353,False,83226.25,0.8991090508025239,0.19579235113087634,0.65678564483646,0.14866220161093224,0.10586741654229767,0.04279478506863457,0.03374258056282997,0.6417342665739796,"Postsecondary teachers, all other",0.04041082412004471,Plateau
29-2071,Medical records technician,29-2072+29-9021,True,830.0,32.134698795180725,42.94289156626506,0.03333333333333333,True,216387.48,0.9357990851744531,0.1745368482061167,0.6754603632701808,0.1372250428609079,0.06810633316445558,0.06911870969645231,0.05479627847671509,0.4914936656016669,Medical and health services managers,0.05479627847671509,Plateau
31-9093,Sterile processing technician,31-9093,False,420.0,36.37,41.18,0.078,True,15507.1875,0.9421021639263962,0.18526648134138668,0.5826724627938528,0.12116628798032299,0.08325834116914894,0.03790794681117404,0.022378358989953995,0.35351451734244665,Nursing assistants,0.030485717579722404,Plateau
29-2061,Licensed vocational nurse (LVN),29-2061,False,2670.0,41.12,46.92,0.04021739130434782,True,73770.086,0.9275449341893577,0.5368145987599746,0.7418246034286708,0.4727712839851334,0.33507642156579703,0.1376948624193364,0.11485925316810608,0.5720010803234041,Registered nurses,0.3020692467689514,Rung
