population,group,n,weighted,share,se,moe90,reliable
All employed SF residents,Latino,22258,474608,0.15363837103462225,0.0016991207450254128,0.002795053625566804,True
All employed SF residents,Black,22258,474608,0.032650102821697065,0.001283189271324001,0.0021108463513279815,True
All employed SF residents,Asian,22258,474608,0.34143756531706165,0.002505562687840123,0.0041216506214970024,True
All employed SF residents,White,22258,474608,0.4103259953477396,0.002552025280827458,0.004198081586961168,True
All employed SF residents,Other / multiracial,22258,474608,0.06194796547887941,0.0022881179221932177,0.003763953982007843,True
All employed SF residents,Women,22258,474608,0.4658939588038971,0.0020583288932280687,0.003385951029360173,True
Entry healthcare roles (pooled),Latino,568,12072,0.16128230616302186,0.022592179111721258,0.03716413463878147,True
Entry healthcare roles (pooled),Black,568,12072,0.08242213386348575,0.015092245884939204,0.024826744480724992,True
Entry healthcare roles (pooled),Asian,568,12072,0.5699138502319416,0.027620406819302896,0.04543556921775326,True
Entry healthcare roles (pooled),White,568,12072,0.12864479787939032,0.018487198065251644,0.030411440817338955,True
Entry healthcare roles (pooled),Other / multiracial,568,12072,0.05773691186216037,0.012618971727079997,0.020758208491046596,True
Entry healthcare roles (pooled),Women,568,12072,0.7237408880053016,0.02072127622559302,0.03408649939110052,True
Home health and personal care aides,Latino,404,8512,0.13475093984962405,0.0237583170868598,0.039082431607884376,True
Home health and personal care aides,Black,404,8512,0.09527725563909774,0.018608881302386773,0.03061160974242624,True
Home health and personal care aides,Asian,404,8512,0.5870535714285714,0.035043949197460414,0.05764729642982238,True
Home health and personal care aides,White,404,8512,0.11712875939849623,0.022795057309641955,0.037497869274361016,True
Home health and personal care aides,Other / multiracial,404,8512,0.06578947368421052,0.015133236530309565,0.024894174092359233,True
Home health and personal care aides,Women,404,8512,0.7236842105263158,0.02321885830361722,0.03819502190945033,True
"Medical, dental and nursing assistants",Latino,143,3074,0.2358490566037736,0.05362095014325417,0.08820646298565311,True
"Medical, dental and nursing assistants",Black,143,3074,0.05985686402081978,0.025294368517180962,0.041609236210762686,False
"Medical, dental and nursing assistants",Asian,143,3074,0.5224463240078074,0.05986258013311105,0.09847394431896768,True
"Medical, dental and nursing assistants",White,143,3074,0.16395575797007156,0.035853656505633644,0.05897926495176734,True
"Medical, dental and nursing assistants",Other / multiracial,143,3074,0.017891997397527653,0.012609044312973926,0.02074187789484211,False
"Medical, dental and nursing assistants",Women,143,3074,0.6968119713728042,0.05268848054285162,0.08667255049299091,True
LVNs and registered nurses,Latino,426,8690,0.15339470655926352,0.028970660064159694,0.047656735805542694,True
LVNs and registered nurses,Black,426,8690,0.022094361334867665,0.009395614690562559,0.01545578616597541,False
LVNs and registered nurses,Asian,426,8690,0.3849252013808976,0.03161930502858022,0.05201375677201447,True
LVNs and registered nurses,White,426,8690,0.3904487917146145,0.031709452708242485,0.05216204970505889,True
LVNs and registered nurses,Other / multiracial,426,8690,0.049136939010356734,0.0108834974975504,0.01790335338347041,True
LVNs and registered nurses,Women,426,8690,0.8150747986191024,0.022226501991104805,0.036562595775367406,True
