population,group,n,weighted,below_count,share,se,moe90,reliable
All full-time workers,All,14966,322725,81089,0.25126345960182817,0.004612605348650768,0.0075877357985305125,True
Bachelor's degree or higher,All,11699,247590,36752,0.14843895149238662,0.004195295350070326,0.006901260850865686,True
No bachelor's degree,All,3267,75135,44337,0.5900978239169495,0.012682484778986008,0.020862687461431984,True
No bachelor's degree,Latino,780,21522,14751,0.6853916922219124,0.02192635539449566,0.03606885462394536,True
No bachelor's degree,Black,184,4376,2628,0.6005484460694699,0.04405818841284449,0.07247571993912919,True
No bachelor's degree,Asian,1395,30092,18455,0.6132859231689486,0.019730193063734327,0.03245616758984297,True
No bachelor's degree,White,716,14975,6084,0.4062771285475793,0.027108337702434367,0.044593215520504534,True
No bachelor's degree,Other / multiracial,192,4170,2419,0.5800959232613909,0.05407161371275147,0.08894780455747618,True
No bachelor's degree,Women,1362,29824,19010,0.6374061158798283,0.01837869050841876,0.030232945886348863,True
No bachelor's degree,Men,1905,45311,25327,0.5589591931319106,0.014638846695093943,0.024080902813429537,True
