population,group,n,weighted,below_count,share,se,moe90,reliable,benchmark,benchmark_2026,benchmark_2024
All full-time workers,All,14966,322725,82262,0.2548981330854443,0.004665938730569392,0.00767546921178665,True,Single adult,32.44,31.576228274692653
Bachelor's degree or higher,All,11699,247590,37455,0.15127832303404823,0.00422285621287384,0.006946598470177466,True,Single adult,32.44,31.576228274692653
No bachelor's degree,All,3267,75135,44807,0.5963532308511347,0.012693717869319564,0.020881165895030685,True,Single adult,32.44,31.576228274692653
No bachelor's degree,Latino,780,21522,14863,0.6905956695474398,0.021932716549145904,0.036079318723345015,True,Single adult,32.44,31.576228274692653
No bachelor's degree,Black,184,4376,2628,0.6005484460694699,0.04405818841284449,0.07247571993912919,True,Single adult,32.44,31.576228274692653
No bachelor's degree,Asian,1395,30092,18747,0.6229894988701316,0.01994713223567801,0.03281303252769033,True,Single adult,32.44,31.576228274692653
No bachelor's degree,White,716,14975,6150,0.41068447412353926,0.027128118315410683,0.04462575462885057,True,Single adult,32.44,31.576228274692653
No bachelor's degree,Other / multiracial,192,4170,2419,0.5800959232613909,0.05407161371275147,0.08894780455747618,True,Single adult,32.44,31.576228274692653
No bachelor's degree,Women,1362,29824,19222,0.6445144849785408,0.018388777021690447,0.030249538200680784,True,Single adult,32.44,31.576228274692653
No bachelor's degree,Men,1905,45311,25585,0.564653174725784,0.01454185965603428,0.023921359134176392,True,Single adult,32.44,31.576228274692653
All full-time workers,All,14966,322725,95382,0.2955519405066233,0.005143509143082878,0.008461072540371335,True,"Two earners, one child",36.03,35.07063824713861
Bachelor's degree or higher,All,11699,247590,45981,0.18571428571428572,0.004963188529271343,0.008164445130651359,True,"Two earners, one child",36.03,35.07063824713861
No bachelor's degree,All,3267,75135,49401,0.6574965062886804,0.012736970813347124,0.02095231698795602,True,"Two earners, one child",36.03,35.07063824713861
No bachelor's degree,Latino,780,21522,16231,0.7541585354520955,0.020021873810506848,0.032935982418283764,True,"Two earners, one child",36.03,35.07063824713861
No bachelor's degree,Black,184,4376,2918,0.666819012797075,0.04349981074598792,0.07155718867715012,True,"Two earners, one child",36.03,35.07063824713861
No bachelor's degree,Asian,1395,30092,20672,0.6869599893659445,0.0192159568720801,0.031610249054571764,True,"Two earners, one child",36.03,35.07063824713861
No bachelor's degree,White,716,14975,6929,0.46270450751252085,0.026151739751407693,0.04301961189106566,True,"Two earners, one child",36.03,35.07063824713861
No bachelor's degree,Other / multiracial,192,4170,2651,0.6357314148681055,0.052908432873201246,0.08703437207641605,True,"Two earners, one child",36.03,35.07063824713861
No bachelor's degree,Women,1362,29824,21024,0.7049356223175965,0.018444393960122544,0.030341028064401584,True,"Two earners, one child",36.03,35.07063824713861
No bachelor's degree,Men,1905,45311,28377,0.6262717662377789,0.014804908665211594,0.024354074754273074,True,"Two earners, one child",36.03,35.07063824713861
All full-time workers,All,14966,322725,141005,0.4369199783097064,0.005779835622540756,0.009507829599079544,True,"Two earners, two children",48.99,47.68555558499363
Bachelor's degree or higher,All,11699,247590,80314,0.3243830526273274,0.006189173905822968,0.010181191075078783,True,"Two earners, two children",48.99,47.68555558499363
No bachelor's degree,All,3267,75135,60691,0.8077593664736807,0.009898735920227057,0.01628342058877351,True,"Two earners, two children",48.99,47.68555558499363
No bachelor's degree,Latino,780,21522,18705,0.869110677446334,0.014865262207917153,0.024453356332023717,True,"Two earners, two children",48.99,47.68555558499363
No bachelor's degree,Black,184,4376,3523,0.805073126142596,0.03444099311629206,0.056655433676300444,True,"Two earners, two children",48.99,47.68555558499363
No bachelor's degree,Asian,1395,30092,25465,0.8462382028446098,0.01652269416500585,0.027179831901434623,True,"Two earners, two children",48.99,47.68555558499363
No bachelor's degree,White,716,14975,9632,0.6432053422370617,0.022886553331980395,0.03764838023110775,True,"Two earners, two children",48.99,47.68555558499363
No bachelor's degree,Other / multiracial,192,4170,3366,0.8071942446043165,0.041936580418345436,0.06898567478817824,True,"Two earners, two children",48.99,47.68555558499363
No bachelor's degree,Women,1362,29824,25764,0.8638680257510729,0.013415603977384527,0.022068668542797546,True,"Two earners, two children",48.99,47.68555558499363
No bachelor's degree,Men,1905,45311,34927,0.7708282756946437,0.012866840632684173,0.021165952840765466,True,"Two earners, two children",48.99,47.68555558499363
All full-time workers,All,14966,322725,197313,0.6113966999767604,0.005623327632498833,0.00925037395546058,True,"Single parent, one child",68.19,66.3743220114455
Bachelor's degree or higher,All,11699,247590,129186,0.5217739003998546,0.007077725110064903,0.011642857806056766,True,"Single parent, one child",68.19,66.3743220114455
No bachelor's degree,All,3267,75135,68127,0.9067278897983629,0.006526906523266173,0.010736761230772855,True,"Single parent, one child",68.19,66.3743220114455
No bachelor's degree,Latino,780,21522,20589,0.9566490103150265,0.008074207933760786,0.013282072051036492,True,"Single parent, one child",68.19,66.3743220114455
No bachelor's degree,Black,184,4376,4085,0.9335009140767825,0.023988100380414053,0.039460425125781115,True,"Single parent, one child",68.19,66.3743220114455
No bachelor's degree,Asian,1395,30092,27999,0.9304466303336435,0.012073852791380263,0.019861487841820534,True,"Single parent, one child",68.19,66.3743220114455
No bachelor's degree,White,716,14975,11792,0.7874457429048414,0.01846373767546444,0.030372848476139,True,"Single parent, one child",68.19,66.3743220114455
No bachelor's degree,Other / multiracial,192,4170,3662,0.8781774580335732,0.03186232672368042,0.05241352746045429,True,"Single parent, one child",68.19,66.3743220114455
No bachelor's degree,Women,1362,29824,28426,0.953125,0.006690388418286626,0.0110056889480815,True,"Single parent, one child",68.19,66.3743220114455
No bachelor's degree,Men,1905,45311,39701,0.8761890048774028,0.009391601785060662,0.015449184936424788,True,"Single parent, one child",68.19,66.3743220114455
