soc,title,entry_ed,emp_2023,openings,growth_2023_33,annual_transfer_rate,p25,p50,p75,p50_vs_single_lw,median_supports,entry_wage_supports,flagged
29-1124,Radiation Therapists,Associate's degree,110.0,40.0,0.0,0.01818181818181818,93.89,94.48,104.02,62.040000000000006,"Single parent, one child","Single parent, one child",False
29-2032,Diagnostic Medical Sonographers,Associate's degree,440.0,280.0,0.11363636363636363,0.02727272727272727,60.8,81.12,90.98,48.68000000000001,"Single parent, one child","Two earners, two children",False
29-1292,Dental Hygienists,Associate's degree,1080.0,760.0,0.046296296296296294,0.024074074074074074,64.35,72.54,76.56,40.10000000000001,"Single parent, one child","Two earners, two children",False
29-2034,Radiologic Technologists and Technicians,Associate's degree,1040.0,550.0,0.009615384615384616,0.02403846153846154,58.54,70.1,86.25,37.66,"Single parent, one child","Two earners, two children",False
29-1126,Respiratory Therapists,Associate's degree,790.0,430.0,0.0759493670886076,0.020253164556962026,52.62,66.96,73.47,34.519999999999996,"Two earners, two children","Two earners, two children",False
29-2035,Magnetic Resonance Imaging Technologists,Associate's degree,110.0,70.0,0.09090909090909091,0.02727272727272727,49.2,65.0,86.15,32.56,"Two earners, two children","Two earners, two children",False
29-9021,Health Information Technologists and Medical Registrars,Associate's degree,170.0,140.0,0.11764705882352941,0.03529411764705882,49.7,64.06,84.19,31.620000000000005,"Two earners, two children","Two earners, two children",False
29-2031,Cardiovascular Technologists and Technicians,Associate's degree,180.0,100.0,0.0,0.027777777777777776,43.63,51.26,83.35,18.82,"Two earners, two children","Two earners, one child",False
29-2055,Surgical Technologists,Postsecondary non-degree award,480.0,270.0,0.0,0.029166666666666667,39.9,50.55,57.2,18.11,"Two earners, two children","Two earners, one child",False
31-2011,Occupational Therapy Assistants,Associate's degree,110.0,180.0,0.2727272727272727,0.09090909090909091,43.06,48.24,51.46,15.800000000000004,"Two earners, one child","Two earners, one child",False
29-2061,Licensed Practical and Licensed Vocational Nurses,Postsecondary non-degree award,2760.0,2210.0,0.010869565217391304,0.04021739130434782,41.12,46.92,52.22,14.480000000000004,"Two earners, one child","Two earners, one child",False
31-2021,Physical Therapist Assistants,Associate's degree,290.0,530.0,0.20689655172413793,0.1103448275862069,40.21,46.77,48.81,14.330000000000005,"Two earners, one child","Two earners, one child",False
31-9093,Medical Equipment Preparers,High school diploma or equivalent,500.0,660.0,0.0,0.078,36.37,41.18,41.78,8.740000000000002,"Two earners, one child","Two earners, one child",False
29-2043,Paramedics,Postsecondary non-degree award,180.0,90.0,0.05555555555555555,0.027777777777777776,40.5,41.07,50.44,8.630000000000003,"Two earners, one child","Two earners, one child",False
29-9099,"Healthcare Practitioners and Technical Workers, All Other",Postsecondary non-degree award,130.0,90.0,0.07692307692307693,0.03076923076923077,30.83,39.76,39.76,7.32,"Two earners, one child",Below all living-wage levels,False
21-1094,Community Health Workers,High school diploma or equivalent,1120.0,1300.0,0.11607142857142858,0.06339285714285714,29.86,39.74,47.5,7.300000000000004,"Two earners, one child",Below all living-wage levels,False
29-2099,"Health Technologists and Technicians, All Other",Postsecondary non-degree award,1220.0,910.0,0.02459016393442623,0.038524590163934426,31.83,38.78,50.19,6.340000000000003,"Two earners, one child",Below all living-wage levels,False
29-2072,Medical Records Specialists,Postsecondary non-degree award,850.0,610.0,0.03529411764705882,0.03294117647058824,27.94,37.9,48.43,5.460000000000001,"Two earners, one child",Below all living-wage levels,False
31-9099,"Healthcare Support Workers, All Other",High school diploma or equivalent,1170.0,1580.0,0.02564102564102564,0.07863247863247863,30.46,35.62,40.25,3.1799999999999997,Single adult,Below all living-wage levels,False
29-2056,Veterinary Technologists and Technicians,Associate's degree,380.0,410.0,0.10526315789473684,0.06578947368421052,30.0,34.74,36.71,2.3000000000000043,Single adult,Below all living-wage levels,False
31-1132,Orderlies,High school diploma or equivalent,230.0,340.0,0.0,0.09565217391304348,32.46,34.44,39.4,2.0,Single adult,Single adult,False
43-6013,Medical Secretaries and Administrative Assistants,High school diploma or equivalent,6480.0,6380.0,-0.004629629629629629,0.05416666666666667,27.64,33.47,39.68,1.0300000000000011,Single adult,Below all living-wage levels,False
31-9091,Dental Assistants,Postsecondary non-degree award,2460.0,3380.0,0.032520325203252036,0.08495934959349594,29.79,31.86,36.9,-0.5799999999999983,Below all living-wage levels,Below all living-wage levels,False
29-2057,Ophthalmic Medical Technicians,Postsecondary non-degree award,200.0,270.0,0.1,0.07,25.35,31.28,40.31,-1.1599999999999966,Below all living-wage levels,Below all living-wage levels,False
29-2052,Pharmacy Technicians,High school diploma or equivalent,1830.0,1800.0,0.04371584699453552,0.05792349726775956,25.58,30.88,44.01,-1.5599999999999987,Below all living-wage levels,Below all living-wage levels,False
29-2053,Psychiatric Technicians,Postsecondary non-degree award,190.0,160.0,0.0,0.04736842105263158,24.2,30.09,37.53,-2.349999999999998,Below all living-wage levels,Below all living-wage levels,False
31-9097,Phlebotomists,Postsecondary non-degree award,570.0,750.0,0.03508771929824561,0.0824561403508772,25.76,29.49,34.22,-2.9499999999999993,Below all living-wage levels,Below all living-wage levels,False
31-9092,Medical Assistants,Postsecondary non-degree award,5370.0,7750.0,0.09869646182495345,0.08826815642458101,24.43,29.24,37.59,-3.1999999999999993,Below all living-wage levels,Below all living-wage levels,False
31-1131,Nursing Assistants,Postsecondary non-degree award,3980.0,5720.0,0.02512562814070352,0.08115577889447236,24.63,28.75,32.69,-3.6899999999999977,Below all living-wage levels,Below all living-wage levels,False
31-9094,Medical Transcriptionists,Postsecondary non-degree award,210.0,330.0,-0.14285714285714285,0.10952380952380952,23.89,28.71,28.71,-3.729999999999997,Below all living-wage levels,Below all living-wage levels,False
29-2081,"Opticians, Dispensing",High school diploma or equivalent,330.0,310.0,0.030303030303030304,0.048484848484848485,18.58,28.58,36.75,-3.8599999999999994,Below all living-wage levels,Below all living-wage levels,False
29-2042,Emergency Medical Technicians,Postsecondary non-degree award,500.0,380.0,0.02,0.05,24.75,27.22,37.8,-5.219999999999999,Below all living-wage levels,Below all living-wage levels,False
31-9095,Pharmacy Aides,High school diploma or equivalent,230.0,400.0,0.0,0.11304347826086956,21.13,22.99,24.01,-9.45,Below all living-wage levels,Below all living-wage levels,False
29-2051,Dietetic Technicians,Associate's degree,170.0,220.0,0.058823529411764705,0.07058823529411765,21.31,22.64,29.45,-9.799999999999997,Below all living-wage levels,Below all living-wage levels,False
31-2022,Physical Therapist Aides,High school diploma or equivalent,300.0,450.0,0.0,0.1,20.0,21.9,26.79,-10.54,Below all living-wage levels,Below all living-wage levels,False
31-1120,Home Health and Personal Care Aides,High school diploma or equivalent,46620.0,95610.0,0.34384384384384387,0.07957957957957958,17.72,17.72,19.12,-14.719999999999999,Below all living-wage levels,Below all living-wage levels,False
