file,url,description,retrieved,bytes,sha256
edd_oews_sf_md_2026.xlsx,https://labormarketinfo.edd.ca.gov/file/occup$/oeswages/CA-OEWS-San%20Francisco-San%20Mateo-Redwood%20City%20MD-2026.xlsx,"EDD OEWS wages, San Francisco-San Mateo-Redwood City MD (May 2025 estimates aged to 2026Q1)",2026-09-27,79857,758a737a9e1ce88845c0c8300c425177d884bce0c6251f78304f00c8483730ec
edd_occproj_sf_2023_2033.xlsx,https://labormarketinfo.edd.ca.gov/file/occproj/sanf$OccProj.xlsx,"EDD long-term occupational projections 2023-2033, San Francisco-San Mateo-Redwood City MD",2026-09-27,104233,334a26874c58d2293745b3c145c64fa43f15b7a1aab2ce899154b4e567b74e24
mit_living_wage_sf_county.html,https://livingwage.mit.edu/counties/06075,"MIT Living Wage Calculator, San Francisco County",2026-09-27,22804,647bbef553160aa3e4023040dc3332c88a9b3432942d76b8346dd8561f5494d0
occ_transitions_public_2021.7z,https://annastansbury.github.io/website/Occ%20Transitions%20Public%20Data%20Set%20%28Jan%202021%29.7z,"Schubert, Stansbury & Taska occupational transitions public data set (Jan 2021)",2026-09-27,22401799,33d474f9347dd3cfe4e0bbdb35de6cf1f600c5f510c4efed42ba0f371d650fb7
acs_pums_ca_person_2020_2024.zip,https://www2.census.gov/programs-surveys/acs/data/pums/2024/5-Year/csv_pca.zip,"ACS PUMS 2020-2024 5-year, California person records",2026-09-27,268363882,4bfcabfdac8ba51becd0c9f2b285c0830d34d3c28a6094779b11e6da0a0a13bd
cadof_cpi_all_items_monthly.xlsx,https://dof.ca.gov/media/docs/forecasting/economics/economic-indicators/inflation/CPI-All-Item-Monthly-6.xlsx,"CA Dept of Finance CPI-U by MSA incl. San Francisco (from BLS/DIR), for wage-year alignment",2026-09-27,68976,036593cbb045eabbd6a612179684d6fc0905137b56b7aafbe4a80bd8f719c201
onet_2010_to_2019_crosswalk.csv,https://www.onetcenter.org/taxonomy/2019/walk/2010_to_2019_Crosswalk.csv?fmt=csv,O*NET-SOC 2010 to O*NET-SOC 2019 taxonomy crosswalk,2026-09-27,108052,8f026a33134bfde5770308d1c6117cf70d9dd41c2b3467e6dd271d65bdeecc5a
onet_2019_to_soc2018_crosswalk.csv,https://www.onetcenter.org/taxonomy/2019/soc/2019_to_SOC_Crosswalk.csv?fmt=csv,O*NET-SOC 2019 to 2018 SOC crosswalk,2026-09-27,91732,506fff0a3ca0d26137b9389322413022a4348bead559c4dd24edeb2cea86aa89
pums_data_dictionary_2020_2024.csv,https://www2.census.gov/programs-surveys/acs/tech_docs/pums/data_dict/PUMS_Data_Dictionary_2020-2024.csv,ACS PUMS 2020-2024 data dictionary (variable and occupation code definitions),2026-09-27,330431,8816ab616c9025bf6a217588d18c402ebb84ddf889d5d1bd7161a9f0c2e099ae
